lat,lon,airport_distance_km,restaurants_count
44.22493418586039,38.073274812037795,0.1018092447866081,6
50.59058050504821,25.341896705004597,0.18385124502152173,6
52.80091091045048,22.555987033657352,0.17903630977663565,6
53.325456647457685,30.18428999113135,0.05451677532057254,7
52.760836167113,25.991848207785857,0.08614026877575842,5
43.79227938676912,39.68984077708909,0.2075772358883175,7
44.166211730766456,20.796850247365605,0.17715161746425567,6
44.82926101683195,23.81790062227815,0.20406004483171064,6
54.65987831055431,35.07117505527332,0.24677952834116682,6
49.98709048305135,27.727551485596866,0.1789880493676582,6
53.4251114881376,31.24476318984899,0.11285481100903066,6
55.9872682084143,36.30903620869573,0.18043599821086068,6
51.28139040802536,33.33726408197563,0.06216438745920673,6
49.42282081835238,32.071020404820786,0.09859559968730883,6
48.050301939900024,33.63647277149778,0.2207777065578916,6
50.725257401951346,21.28489313879824,0.04244064329909675,6
42.991569607754215,21.955985334357486,0.030178789423792696,6
55.72891005489543,32.15097890594682,0.28082000359850007,6
58.25518474023134,27.356886773021373,0.2757263045001874,7
56.24730072100985,39.91428382006817,0.24302019638002206,7
56.43791133323071,36.413180400767956,0.08627527107734613,6
56.588028252887774,38.52956889863356,0.21849695696636098,7
43.51298231424748,23.60926583679857,0.14892888083959338,6
59.91625458966546,32.49460583273203,0.04244381855268975,7
53.143715809246,20.557548308110327,0.2357599238570386,6
48.418541281597946,34.70284640480063,0.22681647206544606,7
57.760477045340714,20.844433044478425,0.22341227307328843,6
51.647025459784544,33.48159083453901,0.28948791629939863,6
59.87249018147003,24.247376907025792,0.26822928074271835,7
55.04147388900408,31.82381976816668,0.07813577346992082,6
47.350214185194524,25.51949374771876,0.24609250981885555,6
54.85124450605,20.448056275971936,0.2104616435261848,6
54.60219944450123,33.710740982028874,0.2113911062553905,7
46.25981555553595,28.973182883438582,0.26838844866220907,7
57.68350481713652,34.48461325013175,0.2419885730584238,7
42.81529832734587,21.1256899678393,0.13679983887348254,6
47.30547029607885,30.604068431008063,0.29442952958820756,6
52.72548382055617,21.085327892974686,0.2591228153132547,6
49.5827823841655,22.87694091320286,0.22038104491635202,6
53.563117951718226,35.688265148718905,0.26989121121999804,6
59.94707362145954,24.573446094917013,0.1624402757045425,6
41.559932741222255,21.866470346313463,0.22453432674750334,6
55.17937717665517,22.83617435455262,0.028565080839401385,7
56.3484901710187,22.82864419028869,0.18536397778520244,6
45.64402882626862,36.87647781843074,0.2414424453067386,6
45.103121048122794,31.798850734052717,0.1293076100564394,6
48.8271524559965,35.846980429733826,0.2723398609476669,6
47.87713515186577,25.144381927615683,0.16096046198641045,6
50.156381351243105,32.52681664919197,0.1004680746580179,7
44.23168403084517,37.97815181975476,0.16123847266003044,7
49.876009500700825,30.67910981501634,0.2763872528645572,6
56.25504845614054,37.41468112320189,0.21891767681425597,6
57.657667845356514,24.36091429256561,0.276173073569633,6
53.335245249371354,39.338534000260154,0.16073860462273815,6
45.76260927896125,21.59384977128676,0.19535676322440132,7
57.46490236683502,35.22216719465719,0.2044258982363088,6
48.42455821989409,24.034376485717182,0.09236454201411111,6
44.6361438052977,22.337754038867857,0.23861145070201506,6
42.69194618015938,31.18051863019986,0.04716913117622621,6
59.23337715885607,26.340445651984666,0.1812836740801179,6
41.75958308929474,24.45039902589674,0.07721071317594935,6
50.595209298694556,28.782465794610502,0.07702982127579543,6
44.04354543114383,39.768428659952136,0.2982180672729882,6
57.36560790924008,32.653551169128605,0.1437530962522316,6
43.890533870189174,25.57205931149088,0.17695300631500802,6
54.72959518767586,39.71804406352919,0.22175960870277237,6
43.302319368233185,25.58333361793523,0.16629868339734794,6
58.76224497393225,34.39303223796399,0.20755447050932946,7
53.26649998885371,25.26665629061915,0.032438265361563356,7
48.30241729935401,35.486128958530415,0.22095966242571335,6
59.24965019471515,32.879682487715115,0.12245080421598571,6
50.48101723115974,31.45413725155511,0.23615791943172804,7
47.68147458623532,29.177897485274304,0.0692518381516809,6
43.24951006815491,24.856865196919408,0.03954184663885488,6
54.42178632742788,32.18854476942448,0.042587656894690934,7
51.926658875791624,37.48695098234569,0.18678658638048237,6
44.45785693955989,20.62610828101748,0.0941330295442337,6
44.99923669297842,34.653394776572206,0.22564248399369646,6
44.40764256514085,37.598450703205394,0.04595876434103321,6
49.91683729963587,32.33775560506298,0.09287684844063863,6
40.94578625924007,25.168612648167574,0.24723732283828775,6
45.78494969115338,27.02950118883964,0.040106821432264704,7
54.732478879947166,34.97609641810584,0.2651850340306303,6
52.424598066653495,27.33644728795397,0.05606679741674603,7
56.37192289009206,20.16146312187833,0.2310074145638231,7
54.89649909831586,22.110365892844744,0.22268899605684803,7
40.42554674720682,25.70680740235588,0.09896652745064675,5
51.391382682244824,27.8633960637877,0.1409760176453921,6
48.76833453606668,27.286494461435613,0.14276403957373085,7
47.22600087544801,36.1285544228447,0.12949452276805948,7
59.84763172922649,24.431654723449896,0.08782889889927437,6
53.1392674151049,28.20626631266576,0.08860471786324634,6
45.02140146277374,36.28453788237459,0.20484310488934038,7
50.657321174093305,35.86874561068724,0.06317739440079337,7
41.90463866212082,24.104506124672863,0.11539050793521753,6
54.9054655955558,27.281460245297843,0.0470719691848771,6
46.95303479240654,23.126262990857672,0.09541649554529008,6
43.37766745677672,21.80199976404741,0.036766870751941155,7
43.24842925958895,31.083863724894115,0.2037474344339308,7
40.304577307404635,26.3898448470983,0.14351237912468912,6
55.5576050651419,30.27378433052298,0.13158984197643533,6
54.57399751388883,31.7581979715614,0.14752133501761863,7
49.70051784999194,32.12384535218521,0.10370206814279195,6
46.11929511807868,38.81530413387678,0.10924145058044724,7
47.832233054604174,24.69298439400621,0.17575938301409658,7
57.68176983881017,37.96170586459923,0.08472114697780653,7
42.42599544445755,21.026173236662274,0.14749992556222788,6
40.59129480252412,20.60765678224768,0.19124710965452588,6
44.314488994194214,22.175361394926643,0.06850515991234207,6
50.4137126662763,32.87378294169057,0.10748938751706771,7
40.153658363898884,30.60587034916811,0.1893296463591733,6
42.08529468286871,23.242463662141773,0.12992313533056923,7
53.95727963733424,22.958098948425306,0.22233788489662767,6
48.96125714243787,30.58858616846617,0.10013042829230732,6
58.97277920028569,39.180117975285285,0.14964150840733223,6
58.21533135205223,23.654600118748718,0.2475866687228147,6
45.529157928020915,25.182590204501953,0.06448162208782213,7
47.554318601179915,22.411665847026224,0.2890756467493402,6
58.36343462675293,31.892036873430484,0.13231282521339555,7
51.58515189434986,38.53538579718534,0.138580715607071,7
47.39443815530461,24.76030282794303,0.19957689094616923,6
56.008134107098996,29.44842526362668,0.16162559377699143,7
58.49008215204552,38.15229117122719,0.21930286358963597,7
53.46986129407157,34.1656628114942,0.0795613222406614,6
44.61807155507803,30.565733269290142,0.06101608825772063,7
56.38521031691465,32.78613536089982,0.09130289456103492,7
48.41052322828028,34.61679140468642,0.2995115422116497,6
53.960931598249466,34.56956904168733,0.05427457533828389,6
49.727072327670044,29.69954216694934,0.1814164406853587,6
58.81729808834875,25.629519876060808,0.24178157043242962,6
41.36750481037477,24.123491857946313,0.2572705682164423,6
43.11593408815008,38.3722775533928,0.3061448314010675,6
43.89136523632286,21.164933926550454,0.27163000426254386,7
44.420010133190026,26.741462808400545,0.18129094367901286,6
44.70855236720924,33.801002755246145,0.08945826860833749,7
43.057004097114664,32.00138054607449,0.16918525602323956,6
53.8583510470017,28.66437200286984,0.21724197278552407,7
44.36311496535616,22.084657317300756,0.15529639209206372,6
44.70906962044432,22.790561025181503,0.10171045339905102,6
43.94776524444228,33.93045745433939,0.23335379784611016,7
47.97374439382244,29.673932289387203,0.2536461854113728,6
59.17186205972696,26.791014619022075,0.18430633781286618,6
47.335604391040214,27.495870621652834,0.1974716277518071,6
45.952483593282764,28.573719616258987,0.15479702485835795,7
41.37199181807992,33.66113237792033,0.2511088006466791,6
47.050550632784656,32.01895579049627,0.25485324399367293,7
44.643920925953495,21.40965958995624,0.03397369492094063,5
55.25854676043337,23.14955718154814,0.27034576709012825,7
42.23256599712523,21.41111373844692,0.11909619225237916,6
42.873620839084104,20.691802515085335,0.1211932515421507,7
45.57020601756228,35.52009835890081,0.1457381141536747,5
45.7605365867061,37.019178153259716,0.23787147821068055,7
56.92609873392226,28.323556644522327,0.22557141955721746,6
55.82567312900974,39.37681569044775,0.07691757568591244,6
51.57271266410451,37.27195404472662,0.13535499656568872,6
45.77177357720093,37.207700877501594,0.02677404014895519,7
46.377567064219846,27.343687998658737,0.24045415883754473,6
51.844365499652895,39.08694326208699,0.08170182921681504,7
54.79733117529648,34.978596912677276,0.053354106430583484,6
47.68196110216899,27.07384858215449,0.20853032328798318,6
50.1912405728875,37.776657878899215,0.08173057083389443,7
57.76066273065388,20.08224599930258,0.18691370586643347,6
52.99581713416862,31.43182082467766,0.06872843492490616,7
50.711002640838004,30.40345586004385,0.22503425675991237,7
41.42444922283782,21.635798810605237,0.3084881702078788,6
43.52030423555822,37.247129790053734,0.05765468124565622,6
44.019831676312464,25.634223352250004,0.24392657146681962,7
52.462965849045894,27.527001589060973,0.1599828405204489,6
42.162255034091004,29.50306828858818,0.039977884368236134,7
40.57989739963253,36.33869660944798,0.15868351609235595,7
47.20701115303731,31.898760615459178,0.16427657060929646,6
54.37718357017615,31.279144070549137,0.2794550237998819,6
53.86498708604119,27.247551518511784,0.12269513528372833,6
55.853407039007784,25.593693435834393,0.23246556187145986,6
53.924965125386194,29.562404638743555,0.06063061228811866,7
52.26571157202924,25.114670640631715,0.13331160858788466,6
49.723241935152906,26.79022876408564,0.17271121586112773,6
44.16996640975941,28.807526698936535,0.07850103087514783,6
51.37096111713236,36.87001728787261,0.07684520717718983,7
52.732494964166825,38.61021233493078,0.09775482637045378,6
42.474866568294324,36.5948273911197,0.22475956012437073,6
51.3029467720627,30.51399429786213,0.2621935188942118,7
41.95497426387103,34.23114506588551,0.06390794782846265,6
50.94153604612983,26.704172184213736,0.17648626592284816,6
43.17837782037283,29.18393845108564,0.06718575536261662,6
42.38027094416666,38.80979312694409,0.044435797024646596,6
42.262001120276736,27.09894959989831,0.039590400398305615,6
58.22050625661814,23.45971354514758,0.13813376142945308,7
51.961746349048845,29.44188114035956,0.13287875308393374,7
45.00317444404278,33.051832375831765,0.2024687585150288,6
41.428977559841826,22.530285196169917,0.1276191609641709,7
50.723628370242054,22.44202837345221,0.0896101608056666,6
42.89605941753617,26.073897818788,0.05795022585731627,6
55.56805868809001,38.15298202796667,0.17314900750193465,7
49.92219313203614,33.49207701985925,0.08845416914548211,6
54.5289776971468,24.4386831276022,0.1329896847511667,6
47.91453197640284,32.069751212438376,0.03246645256343148,7
54.04645489240721,33.20479667623824,0.10358209195004052,6
53.69228712686024,30.4610935981569,0.23162975284759002,5
51.22832416151407,35.18764921074657,0.06274694094606208,6
56.91479268316259,20.49477977318314,0.20987454868216035,6
51.64947147204754,23.82234454207907,0.237141016463768,7
51.56220821559644,39.32743488850239,0.2437445662064305,7
46.15966214684667,29.954800035136643,0.0700115347218114,6
58.63012532235133,21.530295967870583,0.16079832053956794,6
50.3427914310757,26.163593804359895,0.271306284991596,6
47.83429315147143,20.035447723468135,0.2020790101904268,7
50.83284583125235,31.588284837712287,0.2357427954194591,7
42.90484277469475,39.989565001991366,0.13888723168365233,6
45.3025047424241,31.801989950421426,0.1412033954171873,7
46.133637243396166,32.2014585762889,0.2699020564071014,6
50.303175383626424,26.55453225456158,0.14154194024325334,6
53.910216676155535,24.740650912056196,0.1912754386668874,7
45.74404924255431,30.16313144080239,0.1557407385755939,6
42.715319911777826,37.99572333954781,0.22879588506332138,6
51.184363655504804,20.195022082294017,0.19128811774065924,6
57.092996627575076,31.39301684483695,0.15241051983276818,6
48.36464172736156,28.57022142540637,0.1975513003222927,6
49.51545817894123,32.42358611987981,0.17506423679160682,7
45.78417024309725,36.7991605241603,0.26258312174995135,6
56.176682466321076,28.980878252532364,0.2026824558370933,6
42.41329890768477,24.353655632414114,0.20553741559570055,7
43.42177435384234,27.532139738623215,0.25680231994196334,7
59.9991322551545,23.01102743301687,0.048996297078936706,6
53.6443150525904,21.69798428421678,0.07590008450043134,7
50.96104813153421,27.51752698806327,0.10846229951980696,7
55.902158903166246,32.51397099222937,0.268431337036846,7
59.93764909342883,25.25670672175101,0.09229037075734958,6
43.81748561701509,38.31368318938389,0.17475185053008732,6
55.82786077515552,33.77902598906003,0.05816279746193253,7
46.84324165174321,33.726269062037986,0.10952169454814402,6
54.624653699705426,33.83421370513276,0.11170161566414995,6
54.153194550755536,20.03368996456885,0.2205311829834461,6
59.96660085596083,36.26013506831802,0.06388697849367475,6
42.237441036729315,38.3521725588676,0.2516457989382326,6
40.042507896330555,20.387959674721767,0.11147073293155602,6
54.95568929222246,31.965879807704752,0.2319528973435426,6
51.37553836597613,33.53151540254957,0.1315095550438057,6
53.817482559233135,23.92485161898683,0.15373604936912405,6
55.07050069652796,36.764225259985814,0.06386662886057035,6
49.87013103551673,32.51662828578176,0.05587964807999227,7
47.13069050081169,24.501101466590086,0.18476127750782823,6
55.40751772604997,39.34380233435107,0.18802725445002502,7
47.60259857332109,24.317312493480404,0.0554908592140365,6
52.443845389808324,33.57175613866383,0.06147157818216924,7
57.86812053031309,29.477795577198467,0.03888191953852443,6
43.16782944202778,34.46569645118279,0.07131013102035248,6
40.17812319783915,21.95518247841069,0.08819078424059601,6
45.13513222397398,39.05090511066709,0.20401615536749174,7
55.94943886893178,24.08978061615823,0.04632154192806647,6
51.33651284980321,24.407678784735054,0.1982515164664379,7
58.92321727070864,31.08057070984468,0.12821104580164594,7
50.957481997233586,26.99466526841742,0.06811828831287021,6
45.31562765177299,28.842593713024392,0.262310695857572,7
55.317706093986715,20.74196993052471,0.15376703967436267,7
53.15100771830021,24.697688904012548,0.11151795590780639,6
56.413667199231725,35.47066233483774,0.046521754960813164,6
53.35996952044835,38.04430308050932,0.10708720786728028,7
49.03898020739031,24.669548858767236,0.18037016023221264,7
45.541653381874205,35.466979994296736,0.0894020371010686,7
41.11200929538518,20.57893386158832,0.2067728511890911,5
46.15872505350732,20.894485601140406,0.09943320792558091,7
40.925169551332374,27.860184367730852,0.04325778828808246,6
48.600541415040745,22.958222914693014,0.13845950771103616,6
44.515998237809605,23.322771372873778,0.11456588448900397,7
54.072952165839794,32.54794049633603,0.08401062750161088,7
44.40357053113002,37.16328537743624,0.17102797591686975,6
41.62863671132676,35.57934483546103,0.13387324352735094,6
56.77594556799946,26.729876167148475,0.28420073240589155,6
41.2006572058853,37.50431934046817,0.19244535049322264,6
55.01916918698984,36.82691840732173,0.11957709254284553,7
58.588506519632666,30.48423393647657,0.0887387444833761,6
42.14258237362749,29.517521253300558,0.2023518647231269,6
51.193358597381874,21.169248373142537,0.258460131059928,7
49.03453420506735,23.01050139312857,0.18697054339987693,7
55.97420117432447,21.708263990564937,0.23086627706585058,7
52.46960012209375,30.53545004147228,0.18545603861249393,7
45.56546873142305,33.53276992464517,0.2684264278155678,7
40.02938012284741,32.375640208936986,0.13059916517227485,7
49.657354576830315,37.45770487261604,0.22747251340157124,6
57.88217764786933,33.17404807876294,0.17638296928836927,6
58.10726340645334,36.594153820311426,0.04005888435068963,7
42.50593966106989,22.808503691473874,0.035418772575274725,6
57.21353934717378,23.43296149224437,0.1540361825278189,6
40.68862571593628,38.368245554361266,0.22354874248344836,6
41.846985506804245,27.09409363958633,0.2494525575983582,7
59.32441624729,24.339975334914882,0.03729959845318351,6
47.739348143831094,38.241384705828494,0.2921556462437157,6
41.41567793305442,39.40209048777664,0.2891447768467378,6
49.409107087070424,32.75539291730175,0.2749465238025879,6
40.922740394695175,27.766772022228018,0.19170965087388211,7
40.327403097987194,33.767715107972435,0.1508882714537217,6
51.235004588717295,20.311157538056204,0.2304458124374246,7
44.22412439590193,22.894245735635266,0.09003599083890719,6
52.438251795765325,27.374288882347145,0.11753457487017668,6
46.693985276873626,36.64449002826556,0.07371133829694236,6
42.64954065769206,26.08631812743151,0.2897157035762399,6
59.68803716456676,21.157437834977515,0.08242697015704446,6
44.99882830964195,27.574705466677678,0.1950505715142149,7
41.23954292148393,24.825083049636373,0.16130618964663196,6
45.576732404006584,21.121198761415066,0.034685153410742374,7
45.034001118004234,27.978485150945044,0.05099784790994258,6
45.9929260843516,27.02842783880203,0.26926246954387906,6
47.11348462401492,34.676799618784216,0.22421950714958824,6
56.10330361559138,21.26409642433832,0.17068956190612833,6
41.195688718956035,27.58108892447822,0.08376380196588767,6
47.09065340131515,26.848670456292933,0.03180678281331537,6
42.07491085930462,32.93643049868693,0.2632550665664496,6
59.6439329218008,37.75841542086563,0.10426167634062337,7
42.879434646283066,22.859795802553226,0.08887919509644122,6
49.58069889617592,36.32507502799647,0.06953507086338327,7
49.600868652078184,32.194468055025325,0.27081759479496403,6
55.62356417136918,20.584853880279525,0.20557763575683627,6
45.442917425826664,35.337773583324875,0.23033453035058163,5
54.75547715033339,30.753760660678516,0.25284760394192946,7
40.52677118281715,35.99857649160249,0.25928611640924276,6
58.54300875294647,28.177360657388927,0.20341024195560917,7
41.979113025158355,33.31005587576103,0.25551111265159154,7
49.61659008757112,23.976084107710772,0.08640046521824338,7
43.46859426523346,23.836891494959776,0.03137801872308779,7
47.37233545931648,26.805248162512303,0.27585358022853296,6
52.840410335389734,30.388810126554297,0.11545907802914177,5
42.84944349952903,34.33053581158654,0.3206945639777416,6
45.782170398608855,33.33609645544655,0.08776251533836389,6
53.58364665407019,36.42689126336703,0.0999489523895297,7
56.8908909519427,28.52793831566159,0.2592185106245229,7
51.85795524802031,38.250585088916694,0.22094278056316827,7
50.45969330558047,22.183354482004507,0.05766661954188759,6
42.19218024539979,23.744066176088136,0.19864157217512066,6
42.930809231065325,33.67435150579897,0.0682505334212205,7
59.16382742315099,25.075453601243474,0.04907899820188579,6
40.05249720167291,23.29181092406841,0.18172159145769104,7
49.68837372694858,37.729874898657144,0.04922999100902342,6
55.12684961484249,21.368016929643225,0.1537608125326252,6
44.19926060412557,39.829422148714244,0.185614087080701,7
49.19127432655727,37.25178622740214,0.27894821846099627,6
49.86122381890442,37.36515494704606,0.27265116770964654,6
45.20794315403056,32.5742612509155,0.19762409627498076,6
57.57502502132351,24.49711359669888,0.16345636882509262,6
58.50312360144465,35.96183109454439,0.21470280995929775,6
54.98673700837654,21.07601130348613,0.2825249692125386,6
40.17273183434094,31.6423068989569,0.3039202532380253,6
52.57851135464831,28.783192702764033,0.03708372682452582,6
44.64223735961198,35.00813663959526,0.284465147107626,6
45.34369318227931,20.47536264392201,0.2231985551969359,7
43.676079098082475,27.735710074934794,0.04938440330075662,6
51.44822856913183,29.54188803054988,0.2586078376928111,6
48.934373119069946,23.04718450955111,0.2231494499794111,6
43.87128218738867,28.29440373566897,0.26761780060331053,6
58.65281862040236,38.20955372122646,0.1424998898567437,7
44.784463066388625,29.37268448390044,0.16509620622050986,6
55.574778070142436,25.03552355233333,0.27414474026413604,6
40.49381800507258,30.646701220633524,0.15700485520933513,6
43.66960217007914,21.216848691677555,0.1579119643669406,7
56.377321350261965,25.885370855273486,0.09114994162659941,7
50.72853112201695,35.672734833806764,0.1248442172681101,6
52.92215067500411,32.838285004925055,0.1132082968657717,6
48.57796782745611,20.479697031754206,0.041521349670766323,6
48.712642593810614,31.397519974103616,0.18198165473029396,6
42.50808027596935,24.34680160886884,0.23316653155662434,7
43.41985291936744,39.51499631657155,0.24394899254513475,6
58.379941537723816,35.67373991386907,0.08406869187693632,7
49.15264204668284,22.558161984554093,0.19167315149199785,6
49.44910178049606,27.710913553619893,0.1545945055818138,7
53.326615457915075,29.79939263009341,0.2464333097354308,6
40.2825391008066,23.6474342758445,0.1128831984787151,7
50.65388306794905,34.085677069276464,0.035981061858919236,7
57.70671103781921,36.827575205376284,0.27074372989918916,6
48.34609000302012,20.08929190779128,0.18910764418464668,7
48.25207369118786,22.664467762697488,0.07460569776319723,7
49.06620509212961,25.669256783087103,0.07729543288226372,7
57.10204105008876,39.68220455309566,0.13750095661182926,6
52.20002172337659,28.090557570003313,0.1404514315413895,7
54.94701806026888,23.40503925952506,0.12033400059045561,6
54.363003148530936,22.418542359441055,0.17939427414700224,6
41.01719498275342,38.02712327371514,0.2640519467432311,6
59.533992519568585,36.20488168884969,0.2039721508160852,6
54.124163447917546,32.38601214612661,0.12546439970240744,6
51.602504923574315,30.793913141387176,0.26853175563781495,6
40.903531598992856,35.54307523060733,0.21523102293252172,6
58.36162380677296,26.363010766073348,0.17402395698702913,7
49.39113632710074,32.797093142825936,0.1807152447531003,6
58.22384762833971,34.73690882783935,0.048199813251536675,7
48.368138671480445,31.512974524873552,0.18747733081238366,6
51.54610000256088,23.37463906970948,0.1258112437957156,7
57.874358590454676,39.718095928021626,0.1772477204934737,6
49.21661865748044,36.22391123431061,0.05883065056127736,7
43.59062806387084,29.812538864802,0.25313561696971854,6
48.50129826826832,32.399403511631725,0.16551451921361265,6
47.63253258337324,35.20151981329968,0.25765346964919145,6
54.61726129397709,29.171703673192148,0.08798875017268333,6
56.814672531425416,34.78232409753502,0.2946554039840917,6
40.22664524617213,35.45855795666896,0.18875097620398926,6
49.89630268182758,29.180147790447776,0.04421316365953258,7
45.34534078558617,23.755362556436978,0.10522740855152289,7
43.28865379355572,31.955341574123096,0.28423760650920377,6
53.314113351427494,31.0857767857694,0.19115615624909807,6
56.71091282343887,30.00987371638622,0.1318399314028245,7
50.888115079786566,21.171640463473867,0.2718258544551013,6
43.87588314122193,35.551263886610776,0.11919659298023418,7
55.02570654004614,30.774165071302345,0.2377006452820839,6
50.42665337914738,28.613029045367718,0.06291076937712288,7
56.09276253590819,36.29784441094118,0.22473204651079137,6
59.29445652935263,23.937693821261337,0.14876684800320267,7
48.38701983469547,25.433627162634895,0.12507503589500854,7
46.380041908922934,32.79454087463225,0.08796050101020751,7
45.64159018098695,27.80116074603733,0.3173002376033221,6
53.81972933304334,26.061385784115473,0.06727971782896083,6
59.43754816359661,25.092318702030397,0.07592946174914329,7
45.716379082026734,29.71461573325755,0.1289312243417938,6
49.24556431328837,35.51073744601938,0.07128674712284123,6
51.52661852923922,36.106519160351375,0.27749608728103387,6
59.07847182092882,35.81139401370935,0.267980336679643,6
44.942903319822705,37.7129050134805,0.16170791703430487,6
59.23265951350262,21.01483661278843,0.1652777656491953,6
50.48052189181847,39.644337198200226,0.04830943794142155,6
54.567739241800105,28.529229835771943,0.26805765466275855,6
55.626817935175936,23.85964215891559,0.2644746841318644,6
43.292184577934705,39.40045566735263,0.14473517223119325,6
59.494892100004265,36.503646457522635,0.14669013632382563,7
59.52241155616333,38.594471047676365,0.2088344192005912,6
57.32340110514413,30.463074515075263,0.14526590492816174,7
56.86709630945297,34.95483699230827,0.11180655307856897,6
46.52528843460399,30.38928075548567,0.1182635635731333,6
57.04132921402429,30.789002276229112,0.1738723653137929,6
57.76655914252518,39.03001928814072,0.30884640305748057,6
45.3305290245208,34.76713967284196,0.1549362262059449,6
43.41312439854017,31.335556136949855,0.04342936647529599,6
55.13957498287392,27.854705288642798,0.273265165752638,6
51.55470587786487,23.286552772288225,0.10485045169898481,7
42.157263996703186,22.314607491508344,0.04094984314538046,6
47.99011198116209,25.993322910732438,0.052706900647442954,6
46.63999890331253,33.85608690394649,0.07530478286240502,6
53.21381627993946,23.831052375314194,0.1895870018032594,7
48.40810308036235,22.629242731814124,0.12705041543388193,6
52.973525989687865,21.555147539462798,0.25518057599700694,7
55.98776136156484,36.9249876008032,0.23732857786320424,6
54.141451045313616,24.823796435209417,0.10322732300736193,7
52.350706858149984,24.017009281719062,0.2600515139970878,7
58.12935459646005,27.817077357851435,0.2099368473084287,6
44.955635134423396,32.58972400971455,0.03439516076253844,6
50.15112997705931,31.725195144696055,0.15086999385927782,6
55.12223306008337,38.4731561376009,0.2628490093809766,6
44.480687939840145,33.63944260763095,0.10890945092031327,6
44.233872832262854,31.239431001951893,0.279483590013391,6
53.685460903084724,34.231963344498645,0.2117742470537356,6
55.61278313504681,33.27446976180239,0.16716836275828423,7
57.727295766194025,35.34956638455924,0.11546669618394442,7
48.96627377920854,31.448526256966154,0.26739790029095917,7
54.32592184749815,36.14581590109766,0.13171527002281427,7
43.41899108455206,38.00114609870688,0.18654621787622308,7
46.2951850480092,33.929536588291334,0.1867070068346548,7
52.642416285534786,27.152397160837644,0.19708217086594354,6
42.95767104012994,25.599564712057163,0.11093136038521807,6
59.113647773896396,32.74371330423813,0.26177374473061954,6
42.55714955577,32.62858276548924,0.18758962118259273,6
55.53528336510489,20.47821127703258,0.12947885471708795,6
46.372277105372504,34.94218779255592,0.12170506458901216,6
54.658105621894435,24.43748973655501,0.05524012972691985,7
48.09515415763413,21.089803242808728,0.19801926362143554,6
54.95257690491189,23.06398415124822,0.22166679557052593,7
58.00676685411259,33.13561776947453,0.13421897372760513,7
51.92286673616848,30.46109376197519,0.2866070893841626,6
43.27856133654173,36.938754832597745,0.05808343384139945,7
59.02138850098605,22.12505499981981,0.1497803853297036,7
50.649711656921106,36.59033281116882,0.2041285054199485,6
44.788547880766544,33.01835799939765,0.17843628467934008,6
48.16854601125961,24.29859087800229,0.28496353564093485,6
54.42185103363573,34.73811231344113,0.19684609554417518,7
58.70600816773123,34.826665758417775,0.23985898540654993,7
58.1317263543685,22.16003168964765,0.21092092830147624,6
42.80578595800989,25.32893622042019,0.11226952489368726,7
57.43579170228995,32.777298078536646,0.10428114508850013,6
51.803343606324276,27.611493260316628,0.11472385201841051,7
48.193589299179436,35.30489892049602,0.14142635125093947,6
49.28734048666815,30.72084881615251,0.2551060384679899,6
55.892234365299494,37.13994149661536,0.21199680285750025,6
56.895501588059716,22.220520308158264,0.25802852529295317,6
53.15793789585858,34.674935449248004,0.25328347737781953,7
41.169225860557866,29.29279940137935,0.23814784429126432,6
56.169273465880806,30.387819116492725,0.32490366261176146,5
40.51488427499739,25.680911242443493,0.29936079418365025,6
47.75536284043613,25.38126307365224,0.12402514615264014,6
48.88334875424236,23.796076307767656,0.12191270897181666,7
50.12213388330713,27.466913651175485,0.18090232565024458,6
45.119067855901285,24.77975689984994,0.20077807940171646,7
48.38132382760714,23.79456152597285,0.1499902315714638,6
55.745968531767964,39.23591825211982,0.21433390586833964,7
45.425328133683294,28.94828564965318,0.18983305439473352,7
56.26501523943406,33.56244665226244,0.1933822445420763,6
40.25151701747238,27.48296317015358,0.06896019227771787,6
42.85597733816221,31.39587487612775,0.0712323925785138,7
58.506013483499466,29.984042180672652,0.1211341329843236,6
49.40799858441826,32.25376296701582,0.26436066622550075,7
41.01595279806956,34.4545750889785,0.04826450592028855,6
52.20886505255458,33.27818411502628,0.3047993240570492,6
49.12014081595173,35.242067772994034,0.1642840139804581,6
41.77175337603604,22.926088158245058,0.14928049876497243,6
46.95924986297726,21.880622810070857,0.27935049606305556,6
52.28852168707998,26.777988661585134,0.266541213592108,6
52.554170891242364,29.63655721750181,0.06666817327064688,6
57.73806059211517,24.488051728586473,0.22742894457529989,7
49.8501217876618,35.46449059939896,0.17078382114238963,6
42.09475587882161,34.39111888446183,0.11232702288512467,6
42.27106214146846,38.27157836593602,0.054051028937487144,7
48.33606613461447,34.57920395290654,0.17282366632880272,7
43.70642277459163,22.14290635723794,0.21733360407833166,7
58.41907665627094,33.29989647668125,0.2616959133589652,6
44.24156485377566,28.24118675423231,0.26094972393882865,7
47.52739513187534,25.192295542732875,0.06020314374601573,7
50.24763764805043,32.03902844803994,0.15107004146935502,6
46.60804474764974,26.04380334678654,0.04284263970048463,6
53.29192532435566,30.61712651361751,0.18893339325709554,7
52.10511111990424,31.519547707128186,0.24989359998749133,7
58.78735389576167,30.581338306350972,0.20676751677026206,6
56.63918121094263,20.213730405070557,0.13044671462806728,6
52.05923377217488,26.97477828333998,0.23405030548175643,6
48.93423425294476,35.80924528565341,0.28524774379846096,6
52.295493745014184,26.937912882922802,0.029741702889261014,6
52.46131999168194,30.187589995460613,0.22205607946826872,7
45.39155199872018,26.932641593825277,0.11383342724815869,6
43.56035170912424,23.984758149769036,0.21073609025277545,7
50.38015107555935,23.995069413305735,0.10048427546447267,6
46.14526261010928,34.97719169280804,0.07646441929777736,7
47.70460893384366,32.55905319273672,0.25877216144738197,6
40.03327247354021,38.64114082177916,0.21834435268635236,7
53.63355955695647,28.420093198740744,0.2635539442342165,6
41.1603091433348,32.73134518745047,0.21300968311477422,7
54.709429364038876,29.370791516799667,0.057287444843187825,6
44.15919716145318,29.47875745738124,0.2466563448926574,7
43.29529806310009,37.08174751201755,0.1486933091314248,5
52.011124523324796,29.086054874970205,0.08396633998007261,7
59.66945876009682,38.563336012625676,0.1663266585924269,7
48.44139180331064,32.410145142952786,0.12933195301649839,6
57.38638204128538,21.708485859422872,0.2048771930339119,7
41.23681751192632,21.359658321018088,0.21203861711806574,6
50.17336514869314,39.646284246893615,0.2362927546112334,7
53.63531728503276,27.98718772089563,0.281034975732938,7
47.50778437980465,31.749176637011434,0.23448146029105962,6
42.58939044903586,28.631721393403847,0.0665026113010882,6
40.30812891653812,23.17792876989214,0.2512108143817189,6
47.73484672175194,22.511034061018677,0.16419366664333063,7
54.85476934288347,24.253923052499164,0.1889085684150878,6
59.811034676584086,32.106756224591116,0.11807334389571625,6
49.26145247382222,30.930671747515174,0.06610302778114305,7
45.89834354943401,26.571768645730096,0.08096546556658511,6
46.933336820892244,20.883484794163362,0.04081223348731878,7
41.838621583963764,26.48056100224457,0.23198381862780976,7
49.002264645275055,27.96606647304806,0.22700655153410787,6
52.54257246097916,35.12847565868135,0.24282911092915194,7
52.47154824474161,34.749679789868466,0.20051876840613556,7
40.25538055025817,24.428161930720652,0.07004138191354707,7
52.674639290820345,24.553479039884973,0.20343998954847706,7
53.31372857316769,32.55765654775539,0.17475064610038685,6
50.04049056800202,33.035526947905794,0.05977915662121613,6
58.89758598840621,31.222055521410383,0.2640418430792313,6
45.160894883252354,22.239427606555875,0.3042698496445305,5
57.03831817304269,25.71440296783181,0.20766274556065248,6
43.484431276241125,20.63406422922146,0.12882836923030935,7
45.23910348922484,35.231882949453066,0.08601303691946688,7
44.09797550143656,36.1300685472897,0.05446044802707192,6
57.70638992721789,38.4096119882245,0.23468124457313932,7
55.870513589496504,21.758311335680908,0.2764616201511217,7
49.00967550214898,38.12425912449075,0.03337769360111418,6
47.56046143804468,38.36850446054372,0.147590984873651,7
40.258025795058096,39.954119848643685,0.0567903014484016,6
54.03879177074208,35.557771360886065,0.1491006725601907,6
59.29876250529134,25.252756712821053,0.18360711583461659,6
55.570386472289464,25.291177394378767,0.1369215381526393,7
44.661532524374536,33.76433755417989,0.03429005792637074,6
45.290040628203386,33.59465323324342,0.2714073852684534,7
48.45605730957531,33.20658401190942,0.2846218204599698,6
48.15463366286543,27.062417364809907,0.243078872229175,6
44.646753629361555,30.395945565609146,0.13382526297010375,6
55.832355755891086,26.029949582675982,0.21858529966739038,6
55.721713997683246,31.935814308326375,0.2346506123016954,6
54.129416695536314,35.44804354505421,0.12615519425889682,6
40.09921203138161,33.97392559469289,0.037816441025520516,7
58.34756596800273,28.650106565696106,0.18268337288199318,7
46.75116210212389,30.49456802112602,0.2467804733601394,7
40.5763751069135,35.44836993318717,0.22030144496486342,7
52.748380684333625,24.657058183067228,0.08333337154028238,7
54.751985903357536,24.425971980030955,0.1733811630222679,6
53.41922029249025,29.699736262720748,0.13064635243039738,6
47.81832496260622,29.88272956561335,0.15329994281517326,7
57.22332001033781,20.469454958640338,0.21376400737323525,7
47.13017020777194,31.63892677800212,0.16300641542789843,6
50.765164999739376,28.354828646011295,0.32012934926476216,5
58.435130787908044,31.52759409971273,0.22329504654125792,6
54.55790643448647,38.296473478781486,0.12890014101209998,6
41.89336645818135,26.662361660784903,0.1805370056334775,7
55.54277281620946,22.15671688495897,0.13219014204872317,7
58.03381967085149,24.13037377579153,0.24367664430501204,6
56.50776566432304,26.130741158244362,0.0322098401525817,6
49.53530571014362,37.26940191906196,0.19159730987242118,6
56.50295582570516,30.98148584227461,0.032531024629746434,7
41.51258181933634,39.90164133002348,0.29480919895091695,6
45.08453223651538,25.700640318810116,0.16453421182584607,6
57.33733792109721,21.37453632237738,0.10118080801492069,6
40.82775622414761,26.023762725705765,0.058440610333481774,6
47.96108038340434,39.85189864895955,0.11643859630561985,6
57.20939771512867,34.861983294762624,0.2018141063682549,6
48.917095376649335,38.30122699299571,0.29015019543727166,6
41.692415375080046,31.89689467417921,0.051956772609890824,7
49.182250464534306,25.50726900759647,0.07969261200657735,7
54.64431865374622,39.08862757914761,0.10866720293747414,6
46.32783948368054,24.583129047495834,0.2185161579429906,7
58.13061837142809,27.94228068065629,0.05616301962839769,6
58.81592802110012,25.867756140388835,0.26091512197254707,6
43.35531161628782,32.86918098486638,0.08536245433169341,6
41.867728763257475,28.360194519153517,0.21083920714160773,7
45.987136066934475,39.14216416689045,0.22943923819657572,6
49.38085294658447,39.34840157439174,0.26185394061828304,6
43.140281435908435,21.938280360287305,0.08973039479251715,6
44.83136626190311,38.56666185077377,0.22763695485496488,6
58.66597506564205,35.959920303430934,0.11566377416183418,7
54.29760042989918,34.24674872267352,0.1250107890959611,7
51.95891989272664,27.255719627067784,0.17483090093665218,6
54.15911434441702,33.591144797299854,0.07326235890896064,5
40.054517380189964,36.213328678415365,0.13118492655791572,6
42.91042733913759,36.60849491914601,0.2962818176763261,6
53.83500448666418,36.115512370061076,0.07519036625019619,6
54.29936995834214,26.400471801194985,0.10992149284962505,6
57.059458433964515,23.700259840486687,0.23790012919731904,6
51.71100456952422,30.87550701245818,0.0914241414284678,7
51.14500087931988,25.08452041808844,0.06588146794382439,7
47.952754781565,35.69970364662782,0.07548097106091105,7
56.33112160861042,20.89339973047446,0.26892026321028895,7
57.04046104299765,28.50817095309056,0.1331799854701663,7
49.03185926146644,35.571760580453756,0.13920790029706265,6
47.511857232131206,21.61118208175295,0.25392764720024397,6
41.008101846266676,33.73958290571707,0.045371092223959124,6
55.841531520772,24.621265129946096,0.08214994732239005,6
53.461141000662046,22.547877855978346,0.24865096737349193,6
48.784039414435526,26.157737091676783,0.11776950366176057,6
50.09370746828084,20.386724959883548,0.21066529520521143,6
57.92104502993703,32.60044994573647,0.03668224577097991,6
57.55348153681687,26.658177657801897,0.19751538242006253,6
43.58167036813134,39.87422398922797,0.1664403169413929,7
56.98018985385555,21.956786938912863,0.06480034165847641,7
50.19477886734488,37.89768551684074,0.06227981225079904,6
42.122358980593596,29.959154973782564,0.2735083915671729,6
46.22967437623528,22.354014381860225,0.15617560733993813,7
53.738914799610356,37.12234682297394,0.04209544414446789,6
57.86867820804835,22.220911273037046,0.06574909570079608,7
42.16699468925719,32.91718561525944,0.1875660330268068,7
52.193063972151535,24.904351252194274,0.14416915617914766,7
53.562578517156865,28.98235088412661,0.20268527573441006,6
45.52354012555321,31.460398461308724,0.1356845906970953,7
55.13281192038298,38.393509191753,0.2942366819091959,6
42.06656627617704,25.69027520975224,0.2491343532209478,6
44.79353776081477,27.75389693056583,0.3121939598067515,6
40.00981927600087,23.991915415824355,0.2992576688650243,6
50.05475833602277,26.872432706550086,0.22019682950478286,6
45.268719103934174,22.516236558438194,0.04263824002627624,6
41.56134944999747,30.961667922908227,0.31184237400891807,6
57.617629071577255,31.184632275781023,0.15024233082563124,7
43.97329969671145,32.46746272430914,0.050569951831309995,6
51.34639577152235,24.607047592758036,0.2888835693119773,6
45.42930860539988,28.647113057083015,0.1573966149252413,7
51.949991513223004,20.828581749379108,0.15106395094943248,6
53.08593267395778,20.805133752150677,0.03446297754042557,6
54.511825836219536,26.18925716776107,0.15017862722492922,6
45.914521573767004,29.78285902349104,0.07990428517931636,6
40.94510236794912,33.85948036324627,0.21915261636862368,6
57.14543295893429,35.17346930029244,0.03084860214340709,6
59.385875737380175,28.035619600918398,0.16730626765019294,6
57.724494375629746,35.112128431906704,0.041972606365659006,6
41.652200973271874,34.55208021314656,0.2322254485016175,6
55.70272389645081,32.64948341076947,0.282732986957689,6
49.72006929211399,22.83259522297407,0.03970841619451599,7
52.642426737981566,25.74487977153852,0.05202885361636294,7
52.23430501289669,30.67753503524733,0.1749536047988736,6
50.700625801723604,36.27863867496272,0.30114648772576086,6
53.501558790377985,28.066276336943215,0.12844090292696175,7
52.32642857049244,39.34132492875351,0.18264344583158265,7
51.53681567280968,33.30801139475271,0.21477585540920022,7
42.856490662642415,26.26111274209386,0.2864044367204512,6
57.29874897385436,31.228681603313426,0.082667089518367,6
55.06990845112829,27.501473629434706,0.2712138280050614,6
59.28738399863823,38.2396228877771,0.18714181732722535,7
55.83486006846275,20.966943880027355,0.24018580699988637,6
51.65042541961767,24.578310700563037,0.10719143616693735,6
58.343351021788294,21.9313306190192,0.16764941188928453,6
53.08525417261997,36.11239383896664,0.09378748515923141,6
46.20259379432148,23.82158804899333,0.24658871224514592,7
43.51006828151015,34.8569476196416,0.0878477739572337,6
52.086155584473005,31.231929882327023,0.16543808671874058,7
54.72348269876609,36.60431970473786,0.13197654407111184,7
56.483242698283625,39.89897585382429,0.04699238656503024,6
45.705758789006,23.084735731128035,0.11850578049115296,7
58.040002832524515,23.008346629365775,0.26333643703831217,6
51.5594255246666,32.72431066775478,0.1604757810785738,7
54.46186109328838,20.726087460089236,0.11838036651320794,6
56.162656662261625,36.348359003976746,0.14796331347050837,6
58.62563968241507,27.532785836992485,0.23618174616793788,6
45.79980694201572,27.978694458524394,0.22048039785530554,6
47.84933237252085,31.440916256649366,0.06154108243869743,6
57.99934610997671,26.841907815341514,0.17430206482733168,6
56.68952276907336,26.004704798359434,0.07526731107027032,7
47.98272488014277,24.099384376915484,0.2666080022971039,7
49.3467653169238,34.37642940620469,0.22433750434994532,6
54.342952521470465,35.37225121675892,0.051221631215101676,6
41.22499292203372,32.16205328107431,0.11055504382746327,5
47.346372311501135,24.720676027449603,0.05106379147012737,6
44.12460400397931,33.89517886470075,0.1339675762666084,6
50.375903673884096,23.157178122892116,0.2703965202557859,6
55.442048523116334,37.5656492343878,0.04884609147131103,6
42.59849733230751,28.92652116886484,0.08191269468081637,6
59.73468914321451,29.51722547856655,0.08853918422810612,7
49.34223420757967,24.08296380900106,0.20571482384277462,6
55.460333740217884,32.31022242265807,0.28881338270207174,6
47.04832693941438,39.70097769684896,0.2646616461210891,6
49.762735563173514,31.78200970084208,0.07767914323254373,7
59.29728483307828,33.04690309108077,0.2498635567878859,5
53.80524314111229,25.76978331871092,0.18640637152270798,6
40.51306440286687,26.517028160846635,0.1586732920153753,6
44.63964266744972,23.927111801410675,0.24714754920214776,7
45.185215139801635,30.292033439350472,0.2090954247261698,6
59.17813849207525,22.95949153323199,0.06267300143170411,7
55.39137339948446,32.36962552454633,0.06824449074981656,7
53.57261234265886,29.306204484276574,0.2425495556373419,7
41.39301477326762,32.4862378606243,0.05634373502115625,6
56.07629050774539,21.414416992265217,0.06714771461940071,6
43.633465230080176,37.68114144239847,0.19302225113252774,7
42.9756094910327,27.57162756367499,0.08659131109819161,6
57.37699807359856,24.138627173639996,0.25276413651409657,6
40.100742878948694,30.015674290123474,0.13708377753564718,6
41.26559768206444,38.596417933472445,0.17440334750546185,6
58.38811977821194,33.88572293484515,0.0660837176879713,6
45.03110860649318,26.801734404673986,0.03946972090243105,6
55.48676548727932,26.076870947103806,0.2424393540635976,6
53.143463748413716,33.22573114052718,0.04952406807025689,6
42.244647245804885,21.77609313013775,0.21180831342137624,6
55.89857806691186,27.30820364948363,0.17153529914591922,6
44.1478197116382,29.57355567216429,0.17748762540556087,6
53.908531620761046,35.2103495443784,0.11609661499982092,6
47.617066851575586,26.51034627194128,0.21396010045095534,7
50.89519716613496,35.843036571165044,0.14103958755403506,6
58.9241291932227,35.65374981256205,0.07486359900707072,6
45.18359780760265,20.389264208377448,0.045625988039255876,6
46.02198914658027,23.808262478605606,0.11243295323844481,7
45.85050833400698,33.06788557342588,0.205546757381688,6
47.40045454197657,29.92084120608594,0.08668564377816773,6
51.53246874599995,20.55272643108385,0.21024086125995797,7
56.00502385394817,27.19297762036863,0.05781242986825569,6
57.862270363032096,32.51547199454723,0.15595345098740368,6
41.223777684280094,39.83372679521261,0.17597379894336143,6
53.001930700941536,24.13748990359347,0.24353638095152536,6
51.84809192814991,23.05438013300102,0.06071163803733091,6
52.0187811802543,27.287369239584237,0.02982835427323383,6
55.86666623679715,31.018252583754613,0.1644302954732542,7
58.757125303336004,33.28998636067619,0.06333388889460752,7
54.96512324441929,27.2162951402199,0.18692234994846346,6
43.43249400893694,24.56883276586454,0.04249523423341406,6
59.09302325555627,20.104488608161084,0.1568121510416974,6
57.304120527384576,23.66893998087633,0.13131618262835842,6
45.99310852497421,22.001271288576632,0.07113941028879248,6
42.445046682637425,24.842197309052732,0.16260132204448782,6
56.11981204058513,26.45148945238968,0.1538452456387075,6
59.527036497749606,21.57476802818931,0.04862880596693863,6
42.54974216024368,28.11691917742227,0.19711385871523454,7
53.02718696621762,23.35252159486614,0.28580797088012966,6
40.196737760926155,31.62735103379922,0.19042602678256704,6
40.70985815171983,27.55754829947748,0.20306199742740927,6
55.703644205607375,32.793041314545185,0.19825097203200281,7
56.31167166997528,35.523087746801934,0.2535634858576238,7
46.9869232637051,21.69405989639884,0.2790204570076511,7
48.959207411101,27.649573533455452,0.14125772019850882,7
55.58954400840859,39.55550360318385,0.2704740672305929,7
57.15409310470601,20.04619192112647,0.11604572565343942,7
45.5220146453892,29.17822013542944,0.2295715544924203,6
55.68575743725833,29.378191117072387,0.2976617691601046,6
44.017561038919276,36.47443115208425,0.03414381849835505,6
48.94684494452268,25.804538136211455,0.27738043316967703,6
54.37794503616362,35.52061299392615,0.2867416485248449,6
53.71596850689762,20.044004451267252,0.08152076979515958,6
50.0457811307197,29.815000355295993,0.14185057333457826,6
53.39746810381658,26.386409765965354,0.06345077342582994,6
41.01065781379711,36.16311059381756,0.20840880941585144,7
45.76534513123354,28.05894557584676,0.23592399045491622,6
44.32545935336077,21.397568392247116,0.26141500435284637,6
41.635861514307145,34.16773929928237,0.1257350715144437,7
44.15378270637531,20.26445975080454,0.20794243503299742,6
57.20060275590488,26.68833079161199,0.24588284453001044,6
57.92558814454225,29.966599955096115,0.05976150964252775,6
50.66212489909423,34.834848222191575,0.06405853492520606,6
49.687902770469435,26.26127825841908,0.2668020868052302,6
49.263353998114425,22.081949089443857,0.13938096934022362,7
59.180899753990154,36.505130735549535,0.2528304514513022,6
58.8163735172922,20.196453243186696,0.027743463715118155,7
44.329758433616774,37.46262264902254,0.061145321849714766,6
41.89983498585904,22.129950782960336,0.13175017075233386,6
41.0876634159395,22.514019090971704,0.13431458898652188,6
47.15326704397672,23.324577286837926,0.23227235939510202,7
48.350857020376985,22.96686018952687,0.14850618515246083,7
44.9535148816792,35.89558103492264,0.2796213862494006,6
58.404501451197596,36.21962728924906,0.14138105051359454,6
56.7430800857624,23.38935973134179,0.044991105664641776,7
54.88926148095473,22.250352413332465,0.15137500770030482,6
49.67792793659279,31.449612601709543,0.13555246159263956,6
57.72991536778244,33.99413914713337,0.18413905330461805,6
58.903747101704525,31.180797150084857,0.18375324343173313,7
57.75344000233423,20.553797329621407,0.04677156672963681,6
45.22722455196594,35.32176505002403,0.20432946829333104,6
57.28454747739276,34.28380431869182,0.06391965076504955,6
47.00734223785096,34.3451915039984,0.13529895803544548,7
42.46536446559017,24.14426457947812,0.3011937193218462,5
54.87244798387833,21.40565415377328,0.06126061903662882,7
56.17769121152457,39.94568846060833,0.07974632371064862,7
59.73561525013166,29.555944651701587,0.14109673201942297,6
49.61914968177298,34.52485484921184,0.04621567187359023,6
45.02045076090263,21.928347568241232,0.10128803593610819,7
41.3078304142382,30.09864527784982,0.04510291808138612,7
48.263671387568074,30.081933170200465,0.1510033334446426,7
51.54857250115614,22.457160268304385,0.1825767952465682,6
49.929961643346424,27.032152894653077,0.24590263714320823,6
43.25575298846675,37.82926677119415,0.28963946787995,6
47.43090940867029,33.80429852407281,0.1396093933084528,7
58.35812891161808,34.63341599739112,0.17841098692700727,7
49.185877201721965,37.56577583265061,0.04195693028305612,7
50.24446891156505,26.20571197850434,0.15931920440821115,6
49.4382323754854,35.79889405335951,0.2594788197608832,6
47.69430525721122,21.930774450745027,0.18584361313993986,6
41.21254181790435,31.5509746370664,0.12598704547010897,6
44.58369015888137,30.682961526853127,0.048729140481857475,7
49.9999567266275,28.6238440024079,0.1516817387136358,7
51.68865661427323,24.18338310847117,0.2693740706747969,6
49.56275919014787,28.550530286994867,0.0534517110499706,6
47.27785548643906,36.885662788912754,0.17112536167719966,6
56.069949427446424,34.614067481772366,0.14675571014508848,6
53.89531225427779,28.812064656858304,0.23238558457365144,6
58.908403017184646,39.35177361914046,0.06899593314086634,6
40.55471132618839,35.705838314106764,0.07287167229081445,6
54.881588992462156,20.885212356319727,0.21715056645267575,6
41.22751737141139,35.01473047149959,0.22252635128763404,6
45.81958875221124,34.370755593343354,0.15705339850172617,7
58.34203935333687,20.984413103537662,0.033486544470532134,6
55.50710592852631,38.53114531258448,0.24927969507941722,6
53.24038324994457,29.340777265348365,0.31197780229532457,6
47.99392943205341,24.78254995905138,0.19986467496530752,7
40.99655097585785,28.964515819946016,0.26442332539926466,7
45.20505609512293,36.67560933580021,0.2545182626598789,6
49.617376346985054,25.010116391452815,0.20484143720371123,6
48.45556785788666,38.28185586314527,0.11385459923259003,7
49.16265022006,21.29479617495672,0.04584414940791174,7
40.60621858656122,21.787141683599454,0.03903822790789609,6
52.6614821045857,31.986481168895015,0.15181334207636912,6
49.01931163833626,30.195939100820453,0.15739186464738134,6
40.335774350791326,33.430101591049116,0.133904554438055,6
58.784266838397706,20.868918567071958,0.038709874609305465,6
43.95400846205357,25.204847378128505,0.08020653715064344,6
43.391791891819565,34.06289362757937,0.06975158433385355,6
55.10188090411564,26.888031366518646,0.031157966155990077,7
46.97326309115877,26.09309346036301,0.17569174939379717,7
52.23096760935509,36.39553925816492,0.054833541403094,6
40.11932281637942,35.921261236793804,0.0729404476080176,6
48.62867787192984,34.89981877191545,0.05229913712215005,7
40.496680232724955,32.55250832014985,0.2231216068672783,7
44.19123703968747,39.088102877678295,0.2895998122348803,6
43.89434827702463,20.421139915786195,0.05715937836596133,7
59.41853518453963,23.052861992268895,0.198746872336846,6
46.048261729698204,29.197765570921185,0.19892341103182704,6
56.785027718519636,25.613796869125856,0.10319248812419873,6
48.41513162990523,25.867186868275272,0.19196444524007678,6
57.24258660775514,39.60592531937351,0.14258672560648575,6
53.25574458841506,20.88440969652082,0.05820597442622468,6
40.141848490080115,20.51795745078708,0.275110465112008,6
42.232004502777635,38.70289710878476,0.19087837148328726,7
40.626900137068525,23.20180081980165,0.275666807954037,6
41.808901092007396,20.859545645957123,0.06385104630432899,7
44.40628139688239,29.170905582702176,0.23744562245414516,6
55.711653756283496,37.63781140711653,0.145727933241904,6
54.67361261700192,26.121294749395073,0.29495017547883867,6
44.89427112346234,38.645029010194264,0.21613900644965883,6
47.808458831067426,37.305523065116446,0.06898116410783815,6
57.18975870316499,25.608357656212814,0.041001545754815544,6
41.44642318521572,28.708783845811293,0.06527018875480547,6
51.29631517390475,38.47476133875641,0.20351364464325228,7
42.300561264516816,22.465735578913336,0.03231293363530672,6
59.88109452929486,21.237866729804388,0.14718674190018985,7
48.832923047530095,23.77439203104651,0.17894142413629988,6
58.305425699085774,24.51242546706986,0.25215802566606305,6
43.05965424650349,23.587780260759455,0.1485360710366958,6
59.806123466953785,20.634241339983877,0.028578825021425152,7
41.18607867395554,34.353178531681664,0.09434038642588742,6
41.17844644699433,23.23903892543256,0.0423672481600692,6
56.46474271915976,29.10777918823876,0.2712855878323797,7
55.53184483050855,22.407767167387465,0.21423518714910736,6
44.95873578078829,27.310362217543624,0.0266710512593738,7
44.93691841014375,27.949352504309275,0.0358758141758022,7
49.453101600523,38.25971951563486,0.08443329325798857,7
58.872050783604,34.10633511093959,0.21481909828645646,7
52.517730505949764,38.12284347159425,0.1333481479746313,6
56.650593148449,29.781926630739996,0.1682574204153398,6
57.342068432875365,23.38683298788799,0.2598612040281357,6
42.6889878526667,28.192664874660668,0.2545195333873741,7
51.576170623443616,31.873569760062445,0.1361147639513759,7
59.73881554262075,30.824903294904182,0.24927601225148302,6
41.91290532899612,37.92610984011647,0.0902137263349946,6
48.87092883116634,31.847555924591823,0.07089522607279258,7
55.297066355237305,25.13261642585079,0.27412961676451264,7
59.7915412305656,39.05172659004658,0.2019443958975504,6
42.3943220936244,23.478523364921987,0.2113868637360514,6
48.08878602238571,29.52876529135825,0.24912158586948194,7
55.059211236155015,37.75301024699734,0.034606765852508777,7
51.88159878891232,34.19843681493658,0.10615025965877467,6
57.57306133323318,30.707648545313685,0.21658030524063782,6
42.042933815028924,33.7565610615154,0.14742858787116828,6
50.85025122660052,28.755869993817047,0.2975119126478948,6
52.18387825206506,27.936117647561115,0.1546895269590724,6
56.28529079192825,32.556760807547654,0.06783250587250275,6
56.91245117869357,34.7401646417594,0.26029323884755295,7
49.48330120350611,38.74920450847848,0.03243507986060669,6
52.086498116491306,36.730910946469535,0.22355040642273452,7
40.15705458695726,39.21385012712658,0.03287853328932879,6
53.780580481627844,22.31772246729701,0.14838426697022086,6
40.308921493573855,39.78946931694075,0.08170245487985452,6
52.941767329273944,24.006035733403525,0.28716932644154475,6
50.117920930228316,21.618078463240916,0.1466855690785751,6
59.08119437673436,33.136210056980275,0.038536801761151505,6
43.261480273661874,33.46974575641803,0.23430288720279008,6
47.67553455867391,39.47644516724607,0.11759075696570075,6
57.14595093753221,35.4204737154479,0.19992763589956525,6
50.281907462501934,27.85316662651863,0.120798892758026,7
56.292486714241186,32.0021082671155,0.1335041580179379,7
50.14850901861045,32.18908694501885,0.10050145943281724,6
53.648039927068254,35.3083747086826,0.24649334837344225,6
57.63085192109768,31.62196075418732,0.14010275527642446,7
41.0963165362028,27.728813596499776,0.04187659162015087,6
57.61716029263231,33.62916202809448,0.2746961968291135,6
43.57921302641434,24.80203011326862,0.18228982152660309,6
55.105941565985425,26.991024847362638,0.16109703051749846,6
51.316622315389814,21.43262245639605,0.11809116624843671,6
46.65844807595969,36.324603361149606,0.21480547271574016,6
59.17019439029464,21.41998184525988,0.12369764540944853,7
56.82866603760684,25.975936284908997,0.24690216687711483,6
45.711144321576,38.51265824878707,0.2820326356695171,6
44.05366308314663,31.188193692050106,0.15214595819949728,7
47.17981057396173,24.35759839252453,0.22400954417226338,6
46.64231629588903,39.857743309264535,0.11108122010293271,6
43.1951437427292,37.61458964324987,0.1816886049041163,7
58.7481514585749,21.363605453446034,0.2252558246219813,5
57.75249944585443,24.605701246684472,0.15417451793777676,7
57.49689989434836,32.84521186622638,0.07377405972108976,6
49.11422639037939,23.976063140059235,0.2367687195174644,6
55.79200279650088,30.743558667577844,0.12977175879621972,5
47.207153284958494,23.3172152144093,0.14874001643062912,6
57.211975872661846,33.454110177412716,0.25866638057840735,6
58.12889928446742,30.624722339853538,0.19196930518096242,7
50.7659984993578,39.38864487200399,0.05201523510075254,6
49.52384452110043,22.676265550994657,0.16834121089629378,7
50.65398149196027,30.614424983162433,0.052738936477898006,6
44.762444360876984,26.23447779269791,0.20646358500552875,6
41.837173613165355,32.25377525831353,0.1430642441544339,6
47.738399831543475,24.06511080980414,0.2235667885162674,7
55.68149251828943,38.507849206616925,0.22554263082632314,7
53.635035370034586,28.75843634300924,0.2780101440626911,7
56.817454469266615,28.635427617147155,0.11214244025665855,6
49.02936529573315,35.72650086313863,0.07759420394715184,6
42.48543960692057,38.150365394221616,0.08335893613705964,6
50.45250466284877,29.87947524142804,0.17203294921928966,7
40.789800195695264,35.42578456626918,0.11388369306561875,7
48.61736836142199,22.878819269850645,0.27748385513798013,6
44.028337219005785,25.04818222557876,0.05047674289736295,6
56.88495833732265,33.859806274007965,0.23492202405702123,6
42.57851811735701,38.534942176908956,0.15858869584911942,6
49.49274845423303,22.34417488758281,0.19541609742755398,6
47.70275375188434,22.68774387370811,0.18099068883227265,6
56.90770189398768,39.5045447432409,0.16358653812015694,7
51.23249406136283,21.824727183965123,0.19250728185877888,7
49.49909288991188,20.85791794568032,0.18443819440827494,6
51.92388085866506,30.63508670885455,0.25832754238188743,7
44.64282223452186,24.48822641901357,0.19103182352923986,6
50.42767081822108,25.952531353668192,0.2953884774185825,6
47.00075076502942,32.357873867623276,0.24294019251405594,6
42.17835869988066,27.024928733327375,0.25296452943824094,6
55.82997194627087,39.91308429324892,0.26842919507209695,6
47.21590845722125,24.564420630086214,0.08225262718174116,6
45.578224210617044,37.30550810311636,0.12891801783099757,6
40.01139234833541,37.50445538595239,0.23267751760295774,7
40.760089759629246,28.751727980376714,0.06889732156228716,6
45.036889425570585,39.94672620758165,0.17175541364598793,6
46.59060578517833,25.65600599815049,0.054270938798335826,7
53.98255236056196,21.82127474460826,0.06468945458779178,7
47.36912124665997,31.34389949017175,0.1921152030487179,6
55.93049775828156,20.149435492945493,0.13284600696045126,6
51.74332429080688,29.483275097762714,0.13758290380408916,6
47.01134106167793,36.73607582726557,0.16697814481209283,6
43.147948975139485,28.394141516521685,0.19260658076233345,7
40.02738818681172,24.0798473806756,0.18327775498292126,5
47.662285503313264,25.113111011358367,0.11205643538655079,7
48.134406138549124,38.27616454736376,0.09025705801522531,6
47.27782487168154,33.24425408260254,0.15415437251463504,6
56.048080894275024,23.226237325500495,0.12681756711152462,6
41.9111056126722,29.26386921498994,0.2396743275953893,6
42.29804448358876,32.29187586690829,0.03102856425156476,7
44.66926617137287,30.102808215309505,0.17200675946580338,7
50.27465406845375,35.70177742201821,0.19706781112577995,6
54.51802801183301,20.125849054473722,0.28112260039887277,7
